estante virtual,preco,livraria cultura,preco,livraria leitura,preco, livraria da vila,preco
o pequeno principe,R$ 6.00,o pequeno principe - cores e amizade,R$ 19.90,o pequeno principe (original),R$16.43,o pequeno principe,R$ 69.90
harry potter e a pedra filosofal,R$ 12.00,harry potter e a pedra filosofal,R$ 59.90,harry potter e a pedra filosofal,R$37.42,harry potter e a pedra filosofal,R$ 299.90
eu robo,R$ 18.80,a magia do amor + brindes digitais,R$ 69.90,capitao cueca e a revoltante revanche da robocueca radioativa - em cores!,R$44.08,nao encontrado,nao encontrado
jurassic park,R$ 18.00,jurassic park,R$ 119.90,nao encontrado,nao encontrado,jurassic park,R$ 119.90
jurassic park,R$ 600,nao encontrado,nao encontrado,nao encontrado,nao encontrado,jurassic park,R$ 11990
eu robo,R$ 1880,nao encontrado,nao encontrado,eu robo,R$4408,nao encontrado,nao encontrado
eu robo,R$ 1880,nao encontrado,nao encontrado,eu robo,R$4408,nao encontrado,nao encontrado
harry potter e as reliquias da morte,R$ 729,nao encontrado,nao encontrado,harry potter e a pedra filosofal,R$3742,harry potter e a pedra filosofal,R$ 6490
eu robo,R$ 1880,nao encontrado,nao encontrado,eu robo,R$4408,nao encontrado,nao encontrado
harry potter e as reliquias da morte,R$ 729,nao encontrado,nao encontrado,harry potter e a pedra filosofal,R$3742,harry potter e a pedra filosofal,R$ 6490
harry potter e as reliquias da morte,R$ 729,nao encontrado,nao encontrado,harry potter e a pedra filosofal,R$3742,harry potter e a pedra filosofal,R$ 6490
eu robo,R$ 1880,a magia do amor + brindes digitais,R$ 6990,eu robo,R$4408,nao encontrado,nao encontrado
harry potter e as reliquias da morte,R$ 729,arquipelago,R$ 6990,harry potter e a pedra filosofal,R$3742,harry potter e a pedra filosofal,R$ 6490
nao encontrado,nao encontrado,arquipelago,R$ 6990,nao encontrado,nao encontrado,nao encontrado,nao encontrado
harry potter e as reliquias da morte,R$ 729,arquipelago,R$ 6990,harry potter e a pedra filosofal,R$3742,harry potter e a pedra filosofal,R$ 6490
harry potter e as reliquias da morte,R$ 729,arquipelago,R$ 6990,harry potter e a pedra filosofal,R$3742,harry potter e a pedra filosofal,R$ 6490
nao encontrado,nao encontrado,arquipelago,R$ 6990,nao encontrado,nao encontrado,nao encontrado,nao encontrado
harry potter e as reliquias da morte,R$ 729,arquipelago,R$ 6990,harry potter e a pedra filosofal,R$3742,harry potter e a pedra filosofal,R$ 6490
harry potter e as reliquias da morte,R$ 729,arquipelago,R$ 6990,harry potter e a pedra filosofal,R$3742,harry potter e a pedra filosofal,R$ 6490
eu robo,R$ 1880,a magia do amor + brindes digitais,R$ 6990,eu robo,R$4408,nao encontrado,nao encontrado
harry potter e as reliquias da morte,R$ 729,arquipelago,R$ 6990,harry potter e a pedra filosofal,R$3742,harry potter e a pedra filosofal,R$ 6490
harry potter e as reliquias da morte,R$ 729,arquipelago,R$ 6990,harry potter e a pedra filosofal,R$3742,harry potter e a pedra filosofal,R$ 6490
harry potter e as reliquias da morte,R$ 729,nao encontrado,nao encontrado,harry potter e a pedra filosofal,R$3742,harry potter e a pedra filosofal,R$ 6490
eu robo,R$ 1880,nao encontrado,nao encontrado,eu robo,R$4408,nao encontrado,nao encontrado
eu robo,R$ 1880,nao encontrado,nao encontrado,eu robo,R$4408,nao encontrado,nao encontrado
eu robo,R$ 1880,a magia do amor + brindes digitais,R$ 6990,eu robo,R$4408,nao encontrado,nao encontrado
eu robo,R$ 1880,nao encontrado,nao encontrado,eu robo,R$4408,nao encontrado,nao encontrado
nao encontrado,nao encontrado,vale presente,R$ 1000,nao encontrado,nao encontrado,nao encontrado,nao encontrado
eu robo,R$ 1880,a magia do amor + brindes digitais,R$ 6990,eu robo,R$4408,nao encontrado,nao encontrado
eu robo,R$ 1880,a magia do amor + brindes digitais,R$ 6990,eu robo,R$4408,nao encontrado,nao encontrado
